businessName,description,category,tags,minInvestment,maxInvestment,agentEmail,isFeatured,isSponsored,isTopPick,status
"FitZone Express","A 24/7 fitness franchise featuring state-of-the-art equipment, personal training services, and group fitness classes. Perfect for busy professionals and fitness enthusiasts.","Fitness","fitness;gym;24-7;personal training;group classes","75000","200000","","true","false","true","published"
"Gourmet Burger Co","Premium burger franchise using locally sourced ingredients and artisanal recipes. Features customizable burgers, craft beverages, and a modern dining experience.","Food and Beverage","burgers;gourmet;local ingredients;craft beverages;fast casual","100000","300000","","true","true","false","published"
"QuickFix Auto Care","Full-service automotive franchise offering oil changes, tire services, brake repair, and general maintenance. Known for quick turnaround and competitive pricing.","Home Services","auto repair;oil change;tires;brakes;maintenance","80000","250000","","false","false","true","published"
"Learning Tree Academy","Educational franchise providing tutoring services, test preparation, and enrichment programs for K-12 students. Proven curriculum and certified instructors.","Education","tutoring;test prep;K-12;education;enrichment","45000","120000","","true","false","false","published"
"Healthy Smoothie Bar","Fresh smoothie and juice bar franchise featuring organic ingredients, protein bowls, and wellness shots. Perfect for health-conscious consumers.","Food and Beverage","smoothies;juice;organic;healthy;protein bowls","35000","85000","","false","false","false","published"
"TechFix Solutions","Electronics repair franchise specializing in smartphones, tablets, computers, and gaming devices. Fast repairs with warranty coverage.","Technology","electronics;repair;smartphones;computers;warranty","30000","75000","","false","false","false","published"
"Sparkle Clean Services","Residential and commercial cleaning franchise offering regular cleaning, deep cleaning, and specialized services. Eco-friendly products and bonded staff.","Home Services","cleaning;residential;commercial;eco-friendly;bonded","25000","60000","","false","false","false","published"
"Pet Paradise Grooming","Full-service pet grooming franchise offering bathing, styling, nail trimming, and spa services. Experienced groomers and stress-free environment.","Pet Services","pet grooming;bathing;styling;spa;pets","40000","100000","","false","false","false","published"
"Coffee Corner Cafe","Specialty coffee franchise featuring artisan roasted beans, fresh pastries, and cozy atmosphere. Perfect for morning commuters and remote workers.","Food and Beverage","coffee;artisan;pastries;cafe;specialty","55000","150000","","true","false","false","published"
"Yoga Bliss Studio","Yoga and wellness franchise offering various yoga styles, meditation classes, and wellness workshops. Certified instructors and peaceful environment.","Fitness","yoga;meditation;wellness;mindfulness;fitness","50000","130000","","false","false","false","published"
"Home Repair Heroes","Handyman franchise providing home repair, maintenance, and improvement services. Licensed professionals and satisfaction guarantee.","Home Services","handyman;home repair;maintenance;improvement;licensed","35000","90000","","false","false","false","published"
"Fresh Market Express","Convenience store franchise featuring fresh produce, grab-and-go meals, and everyday essentials. Extended hours and prime locations.","Retail","convenience;fresh produce;grab-and-go;essentials;extended hours","60000","180000","","false","false","false","published"
"Dental Care Plus","Dental franchise offering general dentistry, cosmetic procedures, and preventive care. Modern equipment and experienced dental professionals.","Healthcare","dental;general dentistry;cosmetic;preventive care;modern","150000","400000","","true","true","true","published"
"Kids Play Zone","Indoor playground franchise featuring climbing structures, arcade games, and party facilities. Safe environment for children's entertainment.","Entertainment","kids;playground;arcade;parties;entertainment;safe","70000","200000","","false","false","false","published"
"Mattress Comfort Store","Mattress retail franchise offering quality sleep solutions, adjustable beds, and sleep accessories. Expert sleep consultants and trial periods.","Retail","mattress;sleep;adjustable beds;accessories;consultants","45000","120000","","false","false","false","published"